{"cameraMode":{"drawMode":0,"name":"Shaded","section":"Shading Mode"},"sceneLighting":false,"audioPlay":false,"sceneViewState":{"m_AlwaysRefresh":false,"showFog":true,"showSkybox":false,"showFlares":true,"showImageEffects":true,"showParticleSystems":true,"showVisualEffectGraphs":true,"m_FxEnabled":false},"in2DMode":false,"pivot":{"x":-0.012901723384857178,"y":0.5018824338912964,"z":0.07561296224594116},"rotation":{"x":-0.12093276530504227,"y":0.877657413482666,"z":-0.35341012477874758,"w":-0.300324410200119},"size":1.850209355354309,"orthographic":false}