{"cameraMode":{"drawMode":0,"name":"Shaded","section":"Shading Mode"},"sceneLighting":true,"audioPlay":false,"sceneViewState":{"m_AlwaysRefresh":false,"showFog":true,"showSkybox":true,"showFlares":true,"showImageEffects":true,"showParticleSystems":true,"showVisualEffectGraphs":true,"m_FxEnabled":false},"in2DMode":false,"pivot":{"x":-7.505974769592285,"y":0.5405521392822266,"z":0.3642406463623047},"rotation":{"x":0.28531426191329958,"y":-0.17274831235408784,"z":0.05236247554421425,"w":0.9412828683853149},"size":6.582874298095703,"orthographic":false}